{
  "usa": {
    "hexRenderBounds": [
      [50, -126],
      [37, -125.5],
      [31, -118],
      [29, -106],
      [24, -97],
      [28, -94],
      [28, -84],
      [24, -83],
      [24, -79],
      [31, -78],
      [44, -66],
      [49, -68],
      [44, -81],
      [50.5, -85]
    ],
    "centerLat": 39,
    "centerLon": -97,
    "centerZoom": 3
  },
  "alaska": {
    "hexRenderBounds": [
      [55, -178],
      [61, -170],
      [70, -173],
      [73, -156],
      [70, -138],
      [61, -138],
      [61, -138],
      [57, -128],
      [54, -135],
      [58, -145],
      [51, -168]
    ],
    "centerLat": 63,
    "centerLon": -150,
    "centerZoom": 3
  },
  "hawaii": {
    "hexRenderBounds": [
      [22.512557, -161.323242],
      [22, -157],
      [20, -154],
      [18, -156.09375],
      [22, -161.323242]
    ],
    "centerLat": 21,
    "centerLon": -157.2,
    "centerZoom": 6
  },
  "world": {
    "hexRenderBounds": [
      [84, -176],
      [84, 176],
      [-84, 176],
      [-84, -176]
    ]
  }
}
